Workbook

Sheet Store Sales
A1: Date | B1: Product | C1: Category | D1: Quantity | E1: Price | F1: TOTAL SALES | G1: Total Sales For Headphone Product | H1: First Three Letters Of Product Name | I1: Last 2 Letter Category | J1: Max | K1: Min
A2: 45669 | B2: Bookshelf | C2: Furniture | D2: 2 | E2: 180
A3: 45670 | B3: Calculator | C3: Stationery | D3: 7 | E3: 30
A4: 45662 | B4: Desk | C4: Furniture | D4: 2 | E4: 300
A5: 45660 | B5: Headphones | C5: Accessories | D5: 10 | E5: 50
A6: 45665 | B6: Headphones | C6: Electronics | D6: 1 | E6: 400 | F6: =D6*E6 -> 400 | G6: =SUMIF(B6:B14, "Headphones",F6:F14) -> 3200 | H6: {=LEFT(B6:B23,3)} -> Hea | I6: {=RIGHT(C6:C23, 2)} -> cs | J6: =MAX(F6:F23) -> 2500 | K6: =MIN(F6:F14) -> 400
A7: 45668 | B7: Headphones | C7: Electronics | D7: 4 | E7: 200 | F7: =D7*E7 -> 800 | G7: =SUMIF(B7:B15, "Headphones",F7:F15) -> 2800 | H7: Hea | I7: cs | J7: =MAX(F7:F24) -> 2500 | K7: =MIN(F7:F15) -> 800
A8: 45667 | B8: Keyboard | C8: Accessories | D8: 6 | E8: 40 | H8: Key | I8: es
A9: 45691 | B9: Headphones | C9: Electronics | D9: 3 | E9: 400 | F9: 1200 | G9: =SUMIF(B9:B17, "Laptop",F9:F17) -> 1600 | H9: Hea | I9: cs | J9: =MAX(F9:F26) -> 2500 | K9: =MIN(F9:F17) -> 800
A10: 45666 | B10: Mouse | C10: Accessories | D10: 8 | E10: 25 | H10: Mou | I10: es
A11: 45663 | B11: Notebook | C11: Stationery | D11: 20 | E11: 5 | H11: Not | I11: ry
A12: 45661 | B12: Office Chair | C12: Furniture | D12: 3 | E12: 150 | H12: Off | I12: re
A13: 45664 | B13: Pen Pack | C13: Stationery | D13: 15 | E13: 10 | H13: Pen | I13: ry
A14: 45710 | B14: Headphones | C14: Electronics | D14: 2 | E14: 400 | F14: 800 | G14: =SUMIF(B14:B22, "Smartphone",F14:F22) -> 6000 | H14: Hea | I14: cs | J14: =MAX(F14:F31) -> 2500 | K14: =MIN(F14:F22) -> 800
A15: 45671 | B15: USB Drive | C15: Accessories | D15: 12 | E15: 15 | H15: USB | I15: es
A16: 45734 | B16: Headphones | C16: Electronics | D16: 5 | E16: 400 | F16: 2000 | H16: Hea | I16: cs | J16: =MAX(F16:F33) -> 2500 | K16: =MIN(F16:F24) -> 500
A17: 45658 | B17: Laptop | C17: Electronics | D17: 2 | E17: 800 | F17: =D17*E17 -> 1600 | H17: Lap | I17: cs | J17: =MAX(F17:F34) -> 2500 | K17: =MIN(F17:F25) -> 500
A18: 45695 | B18: Laptop | C18: Electronics | D18: 1 | E18: 800 | F18: 800 | H18: Lap | I18: cs | J18: =MAX(F18:F35) -> 2500 | K18: =MIN(F18:F26) -> 500
A19: 45726 | B19: Laptop | C19: Electronics | D19: 2 | E19: 800 | F19: 1600 | H19: Lap | I19: cs | J19: =MAX(F19:F36) -> 2500 | K19: =MIN(F19:F27) -> 500
A20: 45659 | B20: Smartphone | C20: Electronics | D20: 5 | E20: 500 | F20: =D20*E20 -> 2500 | H20: Sma | I20: cs | J20: =MAX(F20:F37) -> 2500 | K20: =MIN(F20:F28) -> 500
A21: 45703 | B21: Smartphone | C21: Electronics | D21: 4 | E21: 500 | F21: 2000 | H21: Sma | I21: cs | J21: =MAX(F21:F38) -> 2000 | K21: =MIN(F21:F29) -> 500
A22: 45718 | B22: Smartphone | C22: Electronics | D22: 3 | E22: 500 | F22: 1500 | H22: Sma | I22: cs | J22: =MAX(F22:F39) -> 1500 | K22: =MIN(F22:F30) -> 500
A23: 45741 | B23: Smartphone | C23: Electronics | D23: 1 | E23: 500 | F23: 500 | H23: Sma | I23: cs | J23: =MAX(F23:F40) -> 500 | K23: =MIN(F23:F31) -> 500

Sheet Summary
A1: Month | B1: Average | C1: Sum
A2: Jan | B2: =AVERAGE('Store Sales'!F1:F14) -> 800 | C2: =SUM('Store Sales'!A1603-'Store Sales'!A1603) -> 0
A3: Jan | B3: =AVERAGE('Store Sales'!F2:F15) -> 800 | C3: =SUM('Store Sales'!A1604-'Store Sales'!A1604) -> 0
A4: Feb | B4: =AVERAGE('Store Sales'!F3:F16) -> 1040 | C4: =SUM('Store Sales'!A1605-'Store Sales'!A1605) -> 0
A5: Feb | B5: =AVERAGE('Store Sales'!F4:F17) -> 1133.3333 | C5: =SUM('Store Sales'!A1606-'Store Sales'!A1606) -> 0
A6: Mar | B6: =AVERAGE('Store Sales'!F5:F18) -> 1085.7143 | C6: =SUM('Store Sales'!A1607-'Store Sales'!A1607) -> 0
A7: Jan | B7: =AVERAGE('Store Sales'!F6:F19) -> 1150 | C7: =SUM('Store Sales'!A1608-'Store Sales'!A1608) -> 0
A8: Feb | B8: =AVERAGE('Store Sales'!F7:F20) -> 1412.5 | C8: =SUM('Store Sales'!A1609-'Store Sales'!A1609) -> 0
A9: Mar | B9: =AVERAGE('Store Sales'!F8:F21) -> 1562.5 | C9: =SUM('Store Sales'!A1610-'Store Sales'!A1610) -> 0
A10: Jan | B10: =AVERAGE('Store Sales'!F9:F22) -> 1555.5556 | C10: =SUM('Store Sales'!A1611-'Store Sales'!A1611) -> 0
A11: Feb | B11: =AVERAGE('Store Sales'!F10:F23) -> 1477.7778 | C11: =SUM('Store Sales'!A1612-'Store Sales'!A1612) -> 0
A12: Mar | B12: =AVERAGE('Store Sales'!F11:F24) -> 1477.7778 | C12: =SUM('Store Sales'!A1613-'Store Sales'!A1613) -> 0
A13: Mar | B13: =AVERAGE('Store Sales'!F12:F25) -> 1477.7778 | C13: =SUM('Store Sales'!A1614-'Store Sales'!A1614) -> 0
... A23: Mar | B23: =AVERAGE('Store Sales'!F22:F35) -> 1000 | C23: =SUM('Store Sales'!A1624-'Store Sales'!A1624) -> 0

Sheet Charts
