Workbook

Sheet Sheet1
A1: Name | B1: Roll No | C1: Class | D1: City | E1: Subj1 | F1: Marks1 | G1: Subj2 | H1: Marks2 | I1: Subj3 | J1: Marks3 | K1: Total Marks | L1: Pass/Fail
A2: Rahul Verma | B2: 1 | C2: 9 | D2: Delhiiii | E2: Math | F2: 78 | G2: Science | H2: 82 | I2: English | J2: 75 | K2: =SUM(F2+H2+J2) -> 235 | L2: =IF(K2>120,"Pass","Fail") -> Pass
A3: Neha Sharma | B3: 2 | C3: 9 | D3: Jaipur | E3: Math | F3: 85 | G3: History | H3: 80 | I3: Science | J3: 88 | K3: =SUM(F3+H3+J3) -> 253 | L3: =IF(K3>120,"Pass","Fail") -> Pass
A4: Aman Khan | B4: 3 | C4: 9 | D4: Lucknow | E4: Math | F4: 90 | G4: Computer | H4: 92 | I4: Science | J4: 86 | K4: =SUM(F4+H4+J4) -> 268 | L4: =IF(K4>120,"Pass","Fail") -> Pass
A5: Pooja Patel | B5: 4 | C5: 9 | D5: Surat | E5: Math | F5: 50 | G5: English | H5: 10 | I5: Hindi | J5: 40 | K5: =SUM(F5+H5+J5) -> 100 | L5: =IF(K5>120,"Pass","Fail") -> Fail
A6: Suresh Das | B6: 5 | C6: 9 | D6: Delhiiii | E6: Math | F6: 88 | G6: Math | H6: 84 | I6: Geography | J6: 79 | K6: =SUM(F6+H6+J6) -> 251 | L6: =IF(K6>120,"Pass","Fail") -> Pass
A7: Ankit Singh | B7: 6 | C7: 9 | D7: Patna | E7: Math | F7: 60 | G7: Science | H7: 10 | I7: English | J7: 20 | K7: =SUM(F7+H7+J7) -> 90 | L7: =IF(K7>120,"Pass","Fail") -> Fail
A8: Riya Gupta | B8: 7 | C8: 9 | D8: Noida | E8: Math | F8: 92 | G8: Science | H8: 89 | I8: Computer | J8: 94 | K8: =SUM(F8+H8+J8) -> 275 | L8: =IF(K8>120,"Pass","Fail") -> Pass
A9: Mohit Jain | B9: 8 | C9: 9 | D9: Indore | E9: Math | F9: 81 | G9: English | H9: 77 | I9: Science | J9: 85 | K9: =SUM(F9+H9+J9) -> 243 | L9: =IF(K9>120,"Pass","Fail") -> Pass
A10: Sneha Iyer | B10: 9 | C10: 9 | D10: Chennai | E10: Math | F10: 90 | G10: Math | H10: 88 | I10: English | J10: 91 | K10: =SUM(F10+H10+J10) -> 269 | L10: =IF(K10>120,"Pass","Fail") -> Pass
A11: Karan Malhotra | B11: 10 | C11: 9 | D11: Chandigarh | E11: Math | F11: 74 | G11: Science | H11: 79 | I11: Computer | J11: 82 | K11: =SUM(F11+H11+J11) -> 235 | L11: =IF(K11>120,"Pass","Fail") -> Pass
A12: Aditi Rao | B12: 11 | C12: 9 | D12: Bengaluru | E12: Math | F12: 86 | G12: History | H12: 83 | I12: Science | J12: 88 | K12: =SUM(F12+H12+J12) -> 257 | L12: =IF(K12>120,"Pass","Fail") -> Pass
A13: Nikhil Pawar | B13: 12 | C13: 9 | D13: Pune | E13: Math | F13: 89 | G13: Science | H13: 91 | I13: Geography | J13: 87 | K13: =SUM(F13+H13+J13) -> 267 | L13: =IF(K13>120,"Pass","Fail") -> Pass
... A16: Kavya Nair | B16: 15 | C16: 9 | D16: Kochi | E16: Science | F16: 87 | G16: Math | H16: 84 | I16: English | J16: 89 | K16: =SUM(F16+H16+J16) -> 260 | L16: =IF(K16>120,"Pass","Fail") -> Pass
A18: Pass | B18: =COUNTIF(L2:L16,"Pass") -> 13
A19: Fail | B19: =COUNTIF(L2:L16,"Fail") -> 2

Sheet Marks analysis
A1: Average
A2: =AVERAGE(Sheet1!F2,Sheet1!H2,Sheet1!J2) -> 78.333333
A3: =AVERAGE(Sheet1!F3,Sheet1!H3,Sheet1!J3) -> 84.333333
A4: =AVERAGE(Sheet1!F4,Sheet1!H4,Sheet1!J4) -> 89.333333
A5: =AVERAGE(Sheet1!F5,Sheet1!H5,Sheet1!J5) -> 33.333333
A6: =AVERAGE(Sheet1!F6,Sheet1!H6,Sheet1!J6) -> 83.666667
A7: =AVERAGE(Sheet1!F7,Sheet1!H7,Sheet1!J7) -> 30
A8: =AVERAGE(Sheet1!F8,Sheet1!H8,Sheet1!J8) -> 91.666667
A9: =AVERAGE(Sheet1!F9,Sheet1!H9,Sheet1!J9) -> 81
A10: =AVERAGE(Sheet1!F10,Sheet1!H10,Sheet1!J10) -> 89.666667
A11: =AVERAGE(Sheet1!F11,Sheet1!H11,Sheet1!J11) -> 78.333333
A12: =AVERAGE(Sheet1!F12,Sheet1!H12,Sheet1!J12) -> 85.666667
A13: =AVERAGE(Sheet1!F13,Sheet1!H13,Sheet1!J13) -> 89
... A16: =AVERAGE(Sheet1!F16,Sheet1!H16,Sheet1!J16) -> 86.666667

Sheet Charts
